trial,ts,learning_rate,num_leaves,min_data_in_leaf,feature_fraction,lambda_l2,robust_delta,objective,d_model,n_heads,dropout,tft_lr,lookback,screen_score,mae_5m,acc_5m,mae_10m,acc_10m,mae_20m,acc_20m,mae_40m,acc_40m,mae_60m,acc_60m,eod_scored_rows,eod_dropped_rows,mae_eod,acc_eod,mae_mean,acc_mean,score,scoring_version,status,test_score,test_mae,test_acc,seconds,prune_bar
0,2026-09-05 00:54:33.001824-04:00,0.06671705431454042,127,250,0.8460628693313881,1.1890003846505752,0.6543989154368428,huber,64,4,0.05078922608788992,0.003912808684011346,60,0.5248417585009091,0.6783709401074227,0.5712157102468098,0.6661045310658351,0.6040630826600373,0.6399038939559566,0.6369933911935663,0.5925101135449253,0.6878881331587174,0.5594190444827289,0.7179902755267423,6375.0,22575.0,0.09205712074582059,0.9857067231339333,0.5380609406504482,0.7006428859866345,0.48790021915378956,eod_pre11,ok,0.49299677249066465,0.5399251148075426,0.6877133692675117,1588.3,
1,2026-09-05 01:21:01.264602-04:00,0.09555304202633227,127,40,0.8475136176714387,0.48006216184508876,1.3765600946068428,cauchy,64,4,0.2053249121560931,0.0004369662153327681,60,0.542987602848097,0.6810542094618238,0.562504775731642,0.6701585405338307,0.5924875699192045,0.6448556626063897,0.627319054064814,0.5981415127003182,0.6772421950910397,0.5718714680590208,0.7086259679452548,6375.0,22575.0,0.14946654754825925,0.9518263631551085,0.5525913234849403,0.6866676543178439,0.5059244099054794,eod_pre11,ok,,,,506.2,
2,2026-09-05 01:29:27.432559-04:00,0.057307105712059866,63,60,0.5365535571876696,16.16998225096633,2.458456578379125,cauchy,32,2,0.34782820665450875,0.00034367899970580814,90,0.5310932333082216,0.6810018051193116,0.5655230381294414,0.6700690611872133,0.6002952144188938,0.6451953912188145,0.6335695517159009,0.6045745897213062,0.6840015208482954,0.5759478853728115,0.7034936070592472,6375.0,22575.0,0.10910944198099311,0.9841185812599259,0.5476496957667418,0.6951669189052841,0.49885796604042076,eod_pre11,ok,,,,534.3,
3,2026-09-05 01:38:21.773428-04:00,0.0301072402436219,63,250,0.46453511561382427,0.9790915196991486,1.6004567779667458,cauchy,64,4,0.21431053869270983,0.0003646251286568096,60,0.5352699942917726,0.679923932553662,0.5663253610453122,0.6689668165491267,0.6008001864512119,0.644992127556365,0.6361175252806752,0.6014048749994151,0.683832537704364,0.5730206224682515,0.7067350981451468,6375.0,22575.0,0.13240909278024218,0.9722957473089818,0.5501195778178437,0.694351075989282,0.5015318088205232,eod_pre11,ok,,,,631.2,
4,2026-09-05 01:48:52.940654-04:00,0.045814043711465774,127,40,0.44067903058527286,40.60974876519801,1.819342641698583,cauchy,32,2,0.19336700927058303,0.00044633978507486603,90,0.5356013139142407,0.6805597777308126,0.5647207152135707,0.6701771746989713,0.5912057178371659,0.6470238956007345,0.6244127717174934,0.6074480163524936,0.6695112162561785,0.571948298571347,0.7121375832883127,6375.0,22575.0,0.13614107550324892,0.9779424739721193,0.5522163730762679,0.6899884130474735,0.5047192698143995,eod_pre11,ok,,,,623.6,
5,2026-09-05 01:59:16.545070-04:00,0.030616381049317548,63,120,0.8092807558582981,5.1694969422823585,2.356983039674042,huber,64,4,0.16149309054773683,0.0006627108624026221,90,0.5296970819748091,0.6799818797477577,0.5680446244364636,0.6680984921621592,0.6017712865133623,0.6452051434065788,0.6341269209331953,0.6065267482405851,0.6780448650247138,0.577353515356104,0.7084458851071493,6375.0,22575.0,0.11052928107113816,0.9719428268925357,0.5479491766640538,0.6937294014845702,0.4995168262929113,eod_pre11,ok,,,,729.9,
6,2026-09-05 02:11:26.499267-04:00,0.024476852884389885,63,120,0.48832629756596907,5.380491855581938,1.3778965062043336,cauchy,16,4,0.16996966796569823,0.004529675674150953,60,0.5385085302448303,0.6794376214394389,0.5693436234431115,0.6684404108175518,0.6001398384089497,0.6436105934218352,0.6317381957162195,0.6009818910184782,0.6843394871361582,0.5720626628876596,0.718665586169638,6375.0,22575.0,0.11800536970667501,0.9740603493912123,0.5470897582152732,0.6963811800442149,0.4979944632042195,eod_pre11,ok,,,,450.2,
7,2026-09-05 02:18:56.702194-04:00,0.005900234257989311,63,250,0.8995757208322247,6.6002524983474125,0.8744580949094378,pseudo_huber,64,2,0.14619211539332205,0.00199391988486737,30,0.5750216763100375,0.6776110124198341,0.5716741804844502,0.6643389607266671,0.608258234928527,0.6380084371137791,0.6436420097141492,0.5923374263295835,0.6943094926281104,0.5587966558871313,0.7268143345939132,6375.0,22575.0,0.09428681690865852,0.9922357508381859,0.5375632182309422,0.7061556671978894,0.4860243014314699,eod_pre11,ok,,,,707.5,
8,2026-09-05 02:30:44.246078-04:00,0.017898057175017013,63,60,0.5667364739555798,0.38187569419911144,1.2215362694428502,huber,64,4,0.07431860424329165,0.0014573940596773014,90,0.5510915255091132,,,,,,,,,,,,,,,inf,0.0,inf,,pruned,,,,9.7,0.5361827571803586
9,2026-09-05 02:30:53.980008-04:00,0.014452100419635815,31,40,0.9433419597515281,19.06851814136457,1.513958319312694,pseudo_huber,32,4,0.1625429394718385,0.002743354377406094,90,0.5466836323698877,,,,,,,,,,,,,,,inf,0.0,inf,,pruned,,,,10.0,0.5379270869787124
10,2026-09-05 02:31:06.014371-04:00,0.04450781546513707,127,120,0.650604526354077,10.179675956490122,2.1746017688244823,pseudo_huber,16,4,0.19460100045653766,0.0013841315347960933,90,0.528214291213829,0.6787949929969593,0.5690379766180179,0.6663103440549345,0.6038300186451212,0.643000680595562,0.6328529341508082,0.5964229415498922,0.6872544463689747,0.5748912846492131,0.7031334413830362,6375.0,22575.0,0.11614745104061726,0.9772366331392272,0.545927949147863,0.6955575750508642,0.49703855538514696,eod_pre11,ok,,,,513.5,
11,2026-09-05 02:39:39.562761-04:00,0.020149738685680096,31,40,0.8137387439193315,2.302014808567066,0.8625945369378125,cauchy,64,4,0.2237418692877166,0.004773179595652735,60,0.5366894970214214,0.6793751794431527,0.5709100634217162,0.6688265389434215,0.6053060907395899,0.6434090642351602,0.6367147065849191,0.5973289409597985,0.6969709771450298,0.5663653596067447,0.7212317666126418,6375.0,22575.0,0.12017761570710495,0.9726486677254279,0.5459137831492303,0.7006303787048874,0.4957561884730085,eod_pre11,ok,,,,752.7,
12,2026-09-05 02:52:12.265662-04:00,0.03482697280316407,15,60,0.5560897413803982,11.478608132487082,2.420825427220428,cauchy,64,4,0.14545130071310447,0.0007515653054825351,90,0.5385249440485889,,,,,,,,,,,,,,,inf,0.0,inf,,pruned,,,,9.1,0.5377809169554667
13,2026-09-05 02:52:21.397009-04:00,0.014618323606134414,127,60,0.8912967340019702,3.357009497713539,0.8528218827518081,huber,32,4,0.24077076878714326,0.0008061378125662257,30,0.5510927173898157,,,,,,,,,,,,,,,inf,0.0,inf,,pruned,,,,11.2,0.5385118130055819
14,2026-09-05 02:52:32.589368-04:00,0.08649441400917607,63,60,0.720471330977249,6.1118510676476445,1.3276582407710729,cauchy,64,4,0.2730991736819581,0.0006564706790117713,30,0.5243705027856624,0.6788563361884454,0.5698785053870253,0.667266993755153,0.5967215661901802,0.6399047936353242,0.6298272155426388,0.5938399102372609,0.683283342486587,0.5634911033010894,0.723257698541329,6375.0,22575.0,0.12043878641941454,0.9604729133580377,0.5439663205894479,0.6939068735842997,0.495489602193373,eod_pre11,ok,,,,398.2,
15,2026-09-05 02:59:10.789523-04:00,0.0060129345304478134,15,20,0.8129978980015131,31.56094180055292,2.050785312973999,cauchy,16,2,0.08554377597013792,0.0010082557689457964,60,0.5853416502823492,,,,,,,,,,,,,,,inf,0.0,inf,,pruned,,,,9.6,0.5385150957663337
16,2026-09-05 02:59:20.371896-04:00,0.01084406834541073,31,20,0.5601602137748392,34.86993577930312,1.5614275212931013,cauchy,16,2,0.3193447856190536,0.00040719145337237463,30,0.5648320918974346,,,,,,,,,,,,,,,inf,0.0,inf,,pruned,,,,9.3,0.5385249440485889
17,2026-09-05 02:59:29.656346-04:00,0.005620834688597211,15,20,0.8139450154263974,35.891765722602955,0.6913756344608757,pseudo_huber,32,2,0.20790130882471208,0.0003196144858437508,60,0.5854767627349221,,,,,,,,,,,,,,,inf,0.0,inf,,pruned,,,,9.8,0.5412025393282938
18,2026-09-05 02:59:39.460659-04:00,0.03981173912655022,31,60,0.912418332258823,49.39300429584611,1.7731462732414909,cauchy,16,4,0.23892727658850937,0.003511181612468133,30,0.5269337314324068,0.6776970205107176,0.572476503400321,0.6657643590104892,0.6046457426973275,0.6384696820323047,0.6395015526713911,0.5919018195129444,0.6932111021925563,0.5538637923993008,0.729740680713128,6375.0,22575.0,0.08708636432806718,0.9823539791776954,0.5357971729656372,0.7036549268087366,0.48488344126345306,eod_pre11,ok,0.49063265306718884,0.5389542441793179,0.6932863644485163,794.1,
19,2026-09-05 03:12:53.524632-04:00,0.017683484485115964,15,40,0.7336504912352801,24.057553986785074,0.8902263775640835,cauchy,32,2,0.19254613779326607,0.0008552059813079028,60,0.5489694120287594,,,,,,,,,,,,,,,inf,0.0,inf,,pruned,,,,9.1,0.5420950710881953
